{"state":{"isStdOutTTY":true,"isStdErrTTY":true,"testRunDurationMs":13849.584},"metrics":{"vus":{"type":"gauge","contains":"default","values":{"value":95,"min":8,"max":95}},"http_req_tls_handshaking":{"type":"trend","contains":"time","values":{"max":0,"p(90)":0,"p(95)":0,"avg":0,"min":0,"med":0}},"data_sent":{"values":{"count":102136,"rate":7374.661939304458},"type":"counter","contains":"data"},"iteration_duration":{"values":{"min":1006.295637,"med":1009.344268,"max":1143.445352,"p(90)":1018.0210932,"p(95)":1022.0895408,"avg":1012.2124213867477},"type":"trend","contains":"time"},"http_req_duration{expected_response:true}":{"contains":"time","values":{"max":143.004,"p(90)":12.914600000000002,"p(95)":16.287849999999995,"avg":9.759454666666683,"min":5.616,"med":7.803},"type":"trend"},"http_req_receiving":{"type":"trend","contains":"time","values":{"max":0.667,"p(90)":0.099,"p(95)":0.111,"avg":0.06647866666666653,"min":0.027,"med":0.061}},"http_req_connecting":{"type":"trend","contains":"time","values":{"avg":1.0747919999999997,"min":0,"med":0,"max":43.974,"p(90)":6.4475,"p(95)":6.938549999999998}},"http_req_blocked":{"type":"trend","contains":"time","values":{"p(95)":7.02255,"avg":1.091189333333334,"min":0.002,"med":0.005,"max":44.074,"p(90)":6.5310999999999995}},"http_req_sending":{"type":"trend","contains":"time","values":{"avg":0.03267066666666659,"min":0.008,"med":0.023,"max":0.323,"p(90)":0.072,"p(95)":0.0890999999999999}},"http_req_duration":{"type":"trend","contains":"time","values":{"avg":9.759454666666683,"min":5.616,"med":7.803,"max":143.004,"p(90)":12.914600000000002,"p(95)":16.287849999999995}},"vus_max":{"type":"gauge","contains":"default","values":{"value":220,"min":220,"max":220}},"http_req_waiting":{"type":"trend","contains":"time","values":{"med":7.6985,"max":142.914,"p(90)":12.867700000000001,"p(95)":16.207199999999997,"avg":9.660305333333321,"min":5.516}},"checks":{"type":"rate","contains":"default","values":{"rate":1,"passes":750,"fails":0}},"http_req_failed":{"type":"rate","contains":"default","values":{"rate":0,"passes":0,"fails":750}},"iterations":{"type":"counter","contains":"default","values":{"rate":46.860613286290764,"count":649}},"data_received":{"type":"counter","contains":"data","values":{"count":417750,"rate":30163.360863402107}},"http_reqs":{"type":"counter","contains":"default","values":{"count":750,"rate":54.153251101260516}}},"root_group":{"id":"d41d8cd98f00b204e9800998ecf8427e","groups":[],"checks":[{"passes":750,"fails":0,"name":"status was 200","path":"::status was 200","id":"1461660757a913d4fb82ac4c5e1009de"}],"name":"","path":""},"options":{"summaryTrendStats":["avg","min","med","max","p(90)","p(95)"],"summaryTimeUnit":"","noColor":false}}